{
    "epoch": 1.0,
    "eval_gen_len": 22.752799837100387,
    "eval_loss": 0.10868733376264572,
    "eval_rouge1": 89.3111,
    "eval_rouge2": 83.7698,
    "eval_rougeL": 88.1661,
    "eval_rougeLsum": 88.8111,
    "eval_runtime": 556.4634,
    "eval_samples": 4911,
    "eval_samples_per_second": 8.825,
    "eval_steps_per_second": 2.207,
    "predict_gen_len": 22.820320136852395,
    "predict_loss": 0.0727098137140274,
    "predict_rouge1": 93.2506,
    "predict_rouge2": 89.6722,
    "predict_rougeL": 92.498,
    "predict_rougeLsum": 92.8981,
    "predict_runtime": 1866.4058,
    "predict_samples": 16368,
    "predict_samples_per_second": 8.77,
    "predict_steps_per_second": 2.192,
    "train_loss": 0.25225133180202197,
    "train_runtime": 582.1588,
    "train_samples": 11457,
    "train_samples_per_second": 19.68,
    "train_steps_per_second": 4.921
}