{
    "epoch": 1.0,
    "eval_gen_len": 23.11422243315931,
    "eval_loss": 0.13893714547157288,
    "eval_rouge1": 81.9173,
    "eval_rouge2": 75.8167,
    "eval_rougeL": 80.8796,
    "eval_rougeLsum": 80.9114,
    "eval_runtime": 966.4387,
    "eval_samples": 6321,
    "eval_samples_per_second": 6.541,
    "eval_steps_per_second": 1.636,
    "predict_gen_len": 23.05073564309445,
    "predict_loss": 0.09604915231466293,
    "predict_rouge1": 88.1888,
    "predict_rouge2": 84.172,
    "predict_rougeL": 87.5583,
    "predict_rougeLsum": 87.5731,
    "predict_runtime": 3238.3078,
    "predict_samples": 21070,
    "predict_samples_per_second": 6.506,
    "predict_steps_per_second": 1.627,
    "train_loss": 0.3189820643360858,
    "train_runtime": 1554.6307,
    "train_samples": 14749,
    "train_samples_per_second": 9.487,
    "train_steps_per_second": 2.372
}