{
    "epoch": 1.0,
    "eval_gen_len": 65.9265811965812,
    "eval_loss": 0.05662064626812935,
    "eval_rouge1": 83.6287,
    "eval_rouge2": 79.4422,
    "eval_rougeL": 81.759,
    "eval_rougeLsum": 83.123,
    "eval_runtime": 4078.1696,
    "eval_samples": 11700,
    "eval_samples_per_second": 2.869,
    "eval_steps_per_second": 0.717,
    "predict_gen_len": 65.63994666256379,
    "predict_loss": 0.040408600121736526,
    "predict_rouge1": 88.6062,
    "predict_rouge2": 85.7925,
    "predict_rougeL": 87.3578,
    "predict_rougeLsum": 88.2829,
    "predict_runtime": 10854.0554,
    "predict_samples": 38997,
    "predict_samples_per_second": 3.593,
    "predict_steps_per_second": 0.449,
    "train_loss": 0.11651018610804072,
    "train_runtime": 4191.1656,
    "train_samples": 27297,
    "train_samples_per_second": 6.513,
    "train_steps_per_second": 1.628
}