{
    "epoch": 1.0,
    "eval_gen_len": 201.84319384319383,
    "eval_loss": 2.5900561809539795,
    "eval_rouge1": 84.2483,
    "eval_rouge2": 79.0736,
    "eval_rougeL": 83.1438,
    "eval_rougeLsum": 83.7165,
    "eval_runtime": 960.3069,
    "eval_samples": 6237,
    "eval_samples_per_second": 6.495,
    "eval_steps_per_second": 6.495,
    "gen_len": 97.09477077019291,
    "predict_samples": 20787,
    "rouge1": 39.616,
    "rouge2": 22.9282,
    "rougeL": 38.2969,
    "rougeLsum": 35.9706,
    "train_loss": 2.797514968295278,
    "train_runtime": 5524.4488,
    "train_samples": 14550,
    "train_samples_per_second": 2.634,
    "train_steps_per_second": 2.634
}