{
    "epoch": 1.0,
    "eval_gen_len": 22.96110771736917,
    "eval_loss": 0.12964802980422974,
    "eval_rouge1": 87.1461,
    "eval_rouge2": 80.4966,
    "eval_rougeL": 85.6138,
    "eval_rougeLsum": 86.479,
    "eval_runtime": 568.9201,
    "eval_samples": 4911,
    "eval_samples_per_second": 8.632,
    "eval_steps_per_second": 2.158,
    "predict_gen_len": 22.71584799608993,
    "predict_loss": 0.08914351463317871,
    "predict_rouge1": 91.7625,
    "predict_rouge2": 87.3596,
    "predict_rougeL": 90.7516,
    "predict_rougeLsum": 91.3055,
    "predict_runtime": 1854.3459,
    "predict_samples": 16368,
    "predict_samples_per_second": 8.827,
    "predict_steps_per_second": 2.207,
    "train_loss": 0.29621016417498364,
    "train_runtime": 575.3714,
    "train_samples": 11457,
    "train_samples_per_second": 19.912,
    "train_steps_per_second": 4.979
}