{
    "epoch": 1.0,
    "eval_gen_len": 37.966619205821864,
    "eval_loss": 0.14680740237236023,
    "eval_rouge1": 73.265,
    "eval_rouge2": 63.7304,
    "eval_rougeL": 71.4307,
    "eval_rougeLsum": 71.4391,
    "eval_runtime": 2721.113,
    "eval_samples": 6321,
    "eval_samples_per_second": 2.323,
    "eval_steps_per_second": 0.581,
    "predict_gen_len": 37.932747982914094,
    "predict_loss": 0.12314809858798981,
    "predict_rouge1": 78.5309,
    "predict_rouge2": 70.8732,
    "predict_rougeL": 77.075,
    "predict_rougeLsum": 77.1009,
    "predict_runtime": 8677.9691,
    "predict_samples": 21070,
    "predict_samples_per_second": 2.428,
    "predict_steps_per_second": 0.607,
    "train_loss": 0.2972315376596182,
    "train_runtime": 3715.6587,
    "train_samples": 14749,
    "train_samples_per_second": 3.969,
    "train_steps_per_second": 0.993
}