{
    "epoch": 1.0,
    "eval_gen_len": 68.7774358974359,
    "eval_loss": 0.07261068373918533,
    "eval_rouge1": 82.1648,
    "eval_rouge2": 76.6024,
    "eval_rougeL": 79.9376,
    "eval_rougeLsum": 81.7236,
    "eval_runtime": 6643.2958,
    "eval_samples": 11700,
    "eval_samples_per_second": 1.761,
    "eval_steps_per_second": 0.44,
    "predict_gen_len": 68.30074108264738,
    "predict_loss": 0.05934755131602287,
    "predict_rouge1": 86.5069,
    "predict_rouge2": 82.236,
    "predict_rougeL": 84.8246,
    "predict_rougeLsum": 86.1522,
    "predict_runtime": 21588.6564,
    "predict_samples": 38997,
    "predict_samples_per_second": 1.806,
    "predict_steps_per_second": 0.452,
    "train_loss": 0.15649772001273465,
    "train_runtime": 8720.9726,
    "train_samples": 27297,
    "train_samples_per_second": 3.13,
    "train_steps_per_second": 0.783
}