{
    "epoch": 1.0,
    "eval_gen_len": 66.10940170940171,
    "eval_loss": 1.3040685653686523,
    "eval_rouge1": 40.9441,
    "eval_rouge2": 19.3927,
    "eval_rougeL": 29.8218,
    "eval_rougeLsum": 38.1362,
    "eval_runtime": 6823.0958,
    "eval_samples": 11700,
    "eval_samples_per_second": 1.715,
    "eval_steps_per_second": 0.429,
    "predict_gen_len": 65.86101494986794,
    "predict_loss": 1.249909520149231,
    "predict_rouge1": 41.499,
    "predict_rouge2": 19.9537,
    "predict_rougeL": 30.405,
    "predict_rougeLsum": 38.747,
    "predict_runtime": 22368.6168,
    "predict_samples": 38997,
    "predict_samples_per_second": 1.743,
    "predict_steps_per_second": 0.436,
    "train_loss": 1.4878285748268658,
    "train_runtime": 8973.7556,
    "train_samples": 27297,
    "train_samples_per_second": 3.042,
    "train_steps_per_second": 0.761
}