{
    "epoch": 1.0,
    "eval_gen_len": 37.89495333016928,
    "eval_loss": 0.09497315436601639,
    "eval_rouge1": 81.9454,
    "eval_rouge2": 75.9257,
    "eval_rougeL": 80.9438,
    "eval_rougeLsum": 80.9427,
    "eval_runtime": 2563.5715,
    "eval_samples": 6321,
    "eval_samples_per_second": 2.466,
    "eval_steps_per_second": 0.617,
    "predict_gen_len": 37.81998101566208,
    "predict_loss": 0.07762623578310013,
    "predict_rouge1": 86.1113,
    "predict_rouge2": 81.4668,
    "predict_rougeL": 85.3292,
    "predict_rougeLsum": 85.322,
    "predict_runtime": 8544.7454,
    "predict_samples": 21070,
    "predict_samples_per_second": 2.466,
    "predict_steps_per_second": 0.617,
    "train_loss": 0.21768620112454296,
    "train_runtime": 3727.7782,
    "train_samples": 14749,
    "train_samples_per_second": 3.957,
    "train_steps_per_second": 0.989
}