{
    "epoch": 1.0,
    "eval_gen_len": 22.382814090816535,
    "eval_loss": 1.5619269609451294,
    "eval_rouge1": 49.0454,
    "eval_rouge2": 25.0049,
    "eval_rougeL": 41.2157,
    "eval_rougeLsum": 45.3174,
    "eval_runtime": 581.6601,
    "eval_samples": 4911,
    "eval_samples_per_second": 8.443,
    "eval_steps_per_second": 2.111,
    "predict_gen_len": 22.498533724340177,
    "predict_loss": 1.3995835781097412,
    "predict_rouge1": 50.8521,
    "predict_rouge2": 26.9765,
    "predict_rougeL": 43.0369,
    "predict_rougeLsum": 47.0404,
    "predict_runtime": 1937.3308,
    "predict_samples": 16368,
    "predict_samples_per_second": 8.449,
    "predict_steps_per_second": 2.112,
    "train_loss": 1.8862755261166557,
    "train_runtime": 600.8335,
    "train_samples": 11457,
    "train_samples_per_second": 19.069,
    "train_steps_per_second": 4.768
}