{
    "epoch": 1.0,
    "eval_gen_len": 1023.6150925486473,
    "eval_loss": 3.486393928527832,
    "eval_rouge1": 24.9927,
    "eval_rouge2": 6.7385,
    "eval_rougeL": 21.5018,
    "eval_rougeLsum": 22.6468,
    "eval_runtime": 960.0442,
    "eval_samples": 6321,
    "eval_samples_per_second": 6.584,
    "eval_steps_per_second": 6.584,
    "gen_len": 95.27133364973896,
    "predict_samples": 21070,
    "rouge1": 7.2078,
    "rouge2": 1.0701,
    "rougeL": 6.3613,
    "rougeLsum": 6.0352,
    "train_loss": 4.323918449085796,
    "train_runtime": 5590.6965,
    "train_samples": 14749,
    "train_samples_per_second": 2.638,
    "train_steps_per_second": 2.638
}