{
    "epoch": 1.0,
    "eval_gen_len": 23.357538364182883,
    "eval_loss": 2.8166449069976807,
    "eval_rouge1": 26.2063,
    "eval_rouge2": 8.2667,
    "eval_rougeL": 21.0431,
    "eval_rougeLsum": 21.6559,
    "eval_runtime": 1034.4121,
    "eval_samples": 6321,
    "eval_samples_per_second": 6.111,
    "eval_steps_per_second": 1.528,
    "predict_gen_len": 23.226056003796867,
    "predict_loss": 2.602818250656128,
    "predict_rouge1": 27.0808,
    "predict_rouge2": 9.065,
    "predict_rougeL": 21.9074,
    "predict_rougeLsum": 22.4925,
    "predict_runtime": 3435.0383,
    "predict_samples": 21070,
    "predict_samples_per_second": 6.134,
    "predict_steps_per_second": 1.534,
    "train_loss": 3.205789677750263,
    "train_runtime": 1633.0334,
    "train_samples": 14749,
    "train_samples_per_second": 9.032,
    "train_steps_per_second": 2.258
}