{
    "epoch": 1.0,
    "eval_gen_len": 67.46931623931624,
    "eval_loss": 0.07843698561191559,
    "eval_rouge1": 78.9095,
    "eval_rouge2": 73.3492,
    "eval_rougeL": 76.1842,
    "eval_rougeLsum": 78.2249,
    "eval_runtime": 4321.7795,
    "eval_samples": 11700,
    "eval_samples_per_second": 2.707,
    "eval_steps_per_second": 0.677,
    "predict_gen_len": 67.2827140549273,
    "predict_loss": 0.05765780061483383,
    "predict_rouge1": 84.4732,
    "predict_rouge2": 80.528,
    "predict_rougeL": 82.5973,
    "predict_rougeLsum": 84.0064,
    "predict_runtime": 14003.4215,
    "predict_samples": 38997,
    "predict_samples_per_second": 2.785,
    "predict_steps_per_second": 0.696,
    "train_loss": 0.14660212646037232,
    "train_runtime": 4133.4911,
    "train_samples": 27297,
    "train_samples_per_second": 6.604,
    "train_steps_per_second": 1.651
}