{
    "epoch": 1.0,
    "eval_gen_len": 37.547539946211046,
    "eval_loss": 0.2554609179496765,
    "eval_rouge1": 63.6535,
    "eval_rouge2": 50.0239,
    "eval_rougeL": 60.7743,
    "eval_rougeLsum": 60.814,
    "eval_runtime": 2793.0025,
    "eval_samples": 6321,
    "eval_samples_per_second": 2.263,
    "eval_steps_per_second": 0.566,
    "predict_gen_len": 37.38827717133365,
    "predict_loss": 0.22119298577308655,
    "predict_rouge1": 67.6973,
    "predict_rouge2": 55.6325,
    "predict_rougeL": 65.2175,
    "predict_rougeLsum": 65.2622,
    "predict_runtime": 9243.5748,
    "predict_samples": 21070,
    "predict_samples_per_second": 2.279,
    "predict_steps_per_second": 0.57,
    "train_loss": 0.44587205651008127,
    "train_runtime": 3678.5241,
    "train_samples": 14749,
    "train_samples_per_second": 4.009,
    "train_steps_per_second": 1.003
}