{
    "epoch": 1.0,
    "eval_gen_len": 22.9702708206068,
    "eval_loss": 0.15985995531082153,
    "eval_rouge1": 84.2146,
    "eval_rouge2": 75.9192,
    "eval_rougeL": 82.2856,
    "eval_rougeLsum": 83.3332,
    "eval_runtime": 575.8214,
    "eval_samples": 4911,
    "eval_samples_per_second": 8.529,
    "eval_steps_per_second": 2.133,
    "predict_gen_len": 22.761119257087,
    "predict_loss": 0.1171625480055809,
    "predict_rouge1": 89.2587,
    "predict_rouge2": 83.452,
    "predict_rougeL": 87.9024,
    "predict_rougeLsum": 88.6431,
    "predict_runtime": 1882.9343,
    "predict_samples": 16368,
    "predict_samples_per_second": 8.693,
    "predict_steps_per_second": 2.173,
    "train_loss": 0.3560474176057346,
    "train_runtime": 573.5694,
    "train_samples": 11457,
    "train_samples_per_second": 19.975,
    "train_steps_per_second": 4.995
}