{
    "epoch": 1.0,
    "eval_gen_len": 22.56505803298717,
    "eval_loss": 0.2687973380088806,
    "eval_rouge1": 76.6918,
    "eval_rouge2": 64.2233,
    "eval_rougeL": 73.4676,
    "eval_rougeLsum": 75.2489,
    "eval_runtime": 569.5508,
    "eval_samples": 4911,
    "eval_samples_per_second": 8.623,
    "eval_steps_per_second": 2.156,
    "predict_gen_len": 22.468108504398828,
    "predict_loss": 0.20360660552978516,
    "predict_rouge1": 82.3755,
    "predict_rouge2": 72.6198,
    "predict_rougeL": 79.8685,
    "predict_rougeLsum": 81.2564,
    "predict_runtime": 1875.2237,
    "predict_samples": 16368,
    "predict_samples_per_second": 8.729,
    "predict_steps_per_second": 2.182,
    "train_loss": 0.48588660541421247,
    "train_runtime": 576.0178,
    "train_samples": 11457,
    "train_samples_per_second": 19.89,
    "train_steps_per_second": 4.974
}