{
    "epoch": 3.0,
    "eval_gen_len": 25.19995927509672,
    "eval_loss": 1.4056388139724731,
    "eval_rouge1": 49.9127,
    "eval_rouge2": 25.0494,
    "eval_rougeL": 41.3664,
    "eval_rougeLsum": 45.9978,
    "eval_runtime": 958.2658,
    "eval_samples": 4911,
    "eval_samples_per_second": 5.125,
    "eval_steps_per_second": 1.281,
    "predict_gen_len": 25.199108015640274,
    "predict_loss": 1.1475045680999756,
    "predict_rouge1": 52.8881,
    "predict_rouge2": 28.8343,
    "predict_rougeL": 44.7528,
    "predict_rougeLsum": 49.2037,
    "predict_runtime": 3136.0018,
    "predict_samples": 16368,
    "predict_samples_per_second": 5.219,
    "predict_steps_per_second": 1.305,
    "train_loss": 1.2711141199064226,
    "train_runtime": 3259.3728,
    "train_samples": 11457,
    "train_samples_per_second": 10.545,
    "train_steps_per_second": 2.637
}