{
    "epoch": 3.0,
    "eval_gen_len": 25.19995927509672,
    "eval_loss": 1.4056388139724731,
    "eval_rouge1": 49.9127,
    "eval_rouge2": 25.0494,
    "eval_rougeL": 41.3664,
    "eval_rougeLsum": 45.9978,
    "eval_runtime": 958.2658,
    "eval_samples": 4911,
    "eval_samples_per_second": 5.125,
    "eval_steps_per_second": 1.281
}