{
    "predict_gen_len": 25.199108015640274,
    "predict_loss": 1.1475045680999756,
    "predict_rouge1": 52.8881,
    "predict_rouge2": 28.8343,
    "predict_rougeL": 44.7528,
    "predict_rougeLsum": 49.2037,
    "predict_runtime": 3136.0018,
    "predict_samples": 16368,
    "predict_samples_per_second": 5.219,
    "predict_steps_per_second": 1.305
}