{
    "predict_gen_len": 25.199108015640274,
    "predict_loss": 1.1448326110839844,
    "predict_rouge1": 52.8847,
    "predict_rouge2": 28.8326,
    "predict_rougeL": 44.7515,
    "predict_rougeLsum": 49.2009,
    "predict_runtime": 3208.5449,
    "predict_samples": 16368,
    "predict_samples_per_second": 5.101,
    "predict_steps_per_second": 1.275
}