{
    "epoch": 1.0,
    "eval_gen_len": 23.284290460370194,
    "eval_loss": 0.21639952063560486,
    "eval_rouge1": 73.4361,
    "eval_rouge2": 64.1045,
    "eval_rougeL": 71.6106,
    "eval_rougeLsum": 71.6264,
    "eval_runtime": 1017.3574,
    "eval_samples": 6321,
    "eval_samples_per_second": 6.213,
    "eval_steps_per_second": 1.554,
    "predict_gen_len": 23.058803986710963,
    "predict_loss": 0.15705259144306183,
    "predict_rouge1": 81.2624,
    "predict_rouge2": 74.612,
    "predict_rougeL": 79.9778,
    "predict_rougeLsum": 80.0077,
    "predict_runtime": 3347.9949,
    "predict_samples": 21070,
    "predict_samples_per_second": 6.293,
    "predict_steps_per_second": 1.573,
    "train_loss": 0.4406212726022054,
    "train_runtime": 1591.0801,
    "train_samples": 14749,
    "train_samples_per_second": 9.27,
    "train_steps_per_second": 2.318
}