{
    "epoch": 3.0,
    "eval_gen_len": 26.225615964162085,
    "eval_loss": 0.04437769949436188,
    "eval_rouge1": 99.8694,
    "eval_rouge2": 99.8205,
    "eval_rougeL": 99.8586,
    "eval_rougeLsum": 99.8669,
    "eval_runtime": 1042.8378,
    "eval_samples": 4911,
    "eval_samples_per_second": 4.709,
    "eval_steps_per_second": 1.178,
    "predict_gen_len": 26.153897849462364,
    "predict_loss": 0.04438868910074234,
    "predict_rouge1": 99.8726,
    "predict_rouge2": 99.8223,
    "predict_rougeL": 99.8613,
    "predict_rougeLsum": 99.8672,
    "predict_runtime": 3309.3136,
    "predict_samples": 16368,
    "predict_samples_per_second": 4.946,
    "predict_steps_per_second": 1.237,
    "train_loss": 0.0019504731307548448,
    "train_runtime": 34.4981,
    "train_samples": 11457,
    "train_samples_per_second": 996.314,
    "train_steps_per_second": 249.144
}