{
    "epoch": 1.0,
    "eval_gen_len": 38.584559405157414,
    "eval_loss": 0.11343368142843246,
    "eval_rouge1": 77.826,
    "eval_rouge2": 70.2411,
    "eval_rougeL": 76.4934,
    "eval_rougeLsum": 76.4985,
    "eval_runtime": 2662.6854,
    "eval_samples": 6321,
    "eval_samples_per_second": 2.374,
    "eval_steps_per_second": 0.594,
    "predict_gen_len": 38.10360702420503,
    "predict_loss": 0.09390698373317719,
    "predict_rouge1": 83.1989,
    "predict_rouge2": 77.3441,
    "predict_rougeL": 82.1759,
    "predict_rougeLsum": 82.1841,
    "predict_runtime": 8901.3369,
    "predict_samples": 21070,
    "predict_samples_per_second": 2.367,
    "predict_steps_per_second": 0.592,
    "train_loss": 0.24756958686348673,
    "train_runtime": 3717.8515,
    "train_samples": 14749,
    "train_samples_per_second": 3.967,
    "train_steps_per_second": 0.992
}