{
    "epoch": 1.0,
    "eval_gen_len": 23.105995886726785,
    "eval_loss": 0.391147643327713,
    "eval_rouge1": 61.9057,
    "eval_rouge2": 48.777,
    "eval_rougeL": 58.8961,
    "eval_rougeLsum": 58.9663,
    "eval_runtime": 995.3167,
    "eval_samples": 6321,
    "eval_samples_per_second": 6.351,
    "eval_steps_per_second": 1.588,
    "predict_gen_len": 22.949928808732796,
    "predict_loss": 0.3030036985874176,
    "predict_rouge1": 68.6323,
    "predict_rouge2": 57.7041,
    "predict_rougeL": 66.1654,
    "predict_rougeLsum": 66.2407,
    "predict_runtime": 3327.0263,
    "predict_samples": 21070,
    "predict_samples_per_second": 6.333,
    "predict_steps_per_second": 1.583,
    "train_loss": 0.6484716440229767,
    "train_runtime": 1595.7157,
    "train_samples": 14749,
    "train_samples_per_second": 9.243,
    "train_steps_per_second": 2.311
}