{
    "epoch": 1.0,
    "eval_gen_len": 101.57574761748275,
    "eval_loss": 2.547302484512329,
    "eval_rouge1": 96.2762,
    "eval_rouge2": 93.0083,
    "eval_rougeL": 95.9263,
    "eval_rougeLsum": 96.0106,
    "eval_runtime": 910.966,
    "eval_samples": 6086,
    "eval_samples_per_second": 6.681,
    "eval_steps_per_second": 6.681,
    "gen_len": 97.39950702489524,
    "predict_samples": 20285,
    "rouge1": 55.2185,
    "rouge2": 41.6811,
    "rougeL": 54.1769,
    "rougeLsum": 51.6989,
    "train_loss": 2.6881316981774686,
    "train_runtime": 5393.3611,
    "train_samples": 14199,
    "train_samples_per_second": 2.633,
    "train_steps_per_second": 2.633
}