{
    "epoch": 1.0,
    "eval_gen_len": 65.05811965811967,
    "eval_loss": 0.18296265602111816,
    "eval_rouge1": 69.2465,
    "eval_rouge2": 58.391,
    "eval_rougeL": 64.4122,
    "eval_rougeLsum": 68.2183,
    "eval_runtime": 6475.7335,
    "eval_samples": 11700,
    "eval_samples_per_second": 1.807,
    "eval_steps_per_second": 0.452,
    "predict_gen_len": 65.02371977331589,
    "predict_loss": 0.15677441656589508,
    "predict_rouge1": 72.8881,
    "predict_rouge2": 63.2129,
    "predict_rougeL": 68.6809,
    "predict_rougeLsum": 71.97,
    "predict_runtime": 21432.2302,
    "predict_samples": 38997,
    "predict_samples_per_second": 1.82,
    "predict_steps_per_second": 0.455,
    "train_loss": 0.31993941310561186,
    "train_runtime": 8833.4,
    "train_samples": 27297,
    "train_samples_per_second": 3.09,
    "train_steps_per_second": 0.773
}