{
    "epoch": 1.0,
    "eval_gen_len": 34.330169277013134,
    "eval_loss": 2.549861192703247,
    "eval_rouge1": 25.1227,
    "eval_rouge2": 6.9426,
    "eval_rougeL": 20.1249,
    "eval_rougeLsum": 20.7412,
    "eval_runtime": 2490.5284,
    "eval_samples": 6321,
    "eval_samples_per_second": 2.538,
    "eval_steps_per_second": 0.635,
    "predict_gen_len": 34.30512577123873,
    "predict_loss": 2.465486526489258,
    "predict_rouge1": 25.443,
    "predict_rouge2": 7.2701,
    "predict_rougeL": 20.4247,
    "predict_rougeLsum": 21.0176,
    "predict_runtime": 8228.7299,
    "predict_samples": 21070,
    "predict_samples_per_second": 2.561,
    "predict_steps_per_second": 0.64,
    "train_loss": 2.7588208626769886,
    "train_runtime": 3647.5481,
    "train_samples": 14749,
    "train_samples_per_second": 4.044,
    "train_steps_per_second": 1.011
}