{
    "epoch": 1.0,
    "eval_gen_len": 71.06358974358974,
    "eval_loss": 1.8189289569854736,
    "eval_rouge1": 38.4395,
    "eval_rouge2": 16.7509,
    "eval_rougeL": 26.6529,
    "eval_rougeLsum": 35.5114,
    "eval_runtime": 4510.5973,
    "eval_samples": 11700,
    "eval_samples_per_second": 2.594,
    "eval_steps_per_second": 0.648,
    "predict_gen_len": 70.84201348821705,
    "predict_loss": 1.6825861930847168,
    "predict_rouge1": 38.9562,
    "predict_rouge2": 17.2977,
    "predict_rougeL": 27.2234,
    "predict_rougeLsum": 36.0973,
    "predict_runtime": 14438.0792,
    "predict_samples": 38997,
    "predict_samples_per_second": 2.701,
    "predict_steps_per_second": 0.675,
    "train_loss": 0.9926230629721841,
    "train_runtime": 2022.4476,
    "train_samples": 27297,
    "train_samples_per_second": 13.497,
    "train_steps_per_second": 3.375
}