{
    "epoch": 1.0,
    "eval_gen_len": 67.39606837606837,
    "eval_loss": 0.1016152948141098,
    "eval_rouge1": 77.862,
    "eval_rouge2": 70.576,
    "eval_rougeL": 74.8501,
    "eval_rougeLsum": 77.1954,
    "eval_runtime": 6854.9245,
    "eval_samples": 11700,
    "eval_samples_per_second": 1.707,
    "eval_steps_per_second": 0.427,
    "predict_gen_len": 66.75069877170039,
    "predict_loss": 0.08477728813886642,
    "predict_rouge1": 81.9511,
    "predict_rouge2": 75.9822,
    "predict_rougeL": 79.5099,
    "predict_rougeLsum": 81.4287,
    "predict_runtime": 23568.4413,
    "predict_samples": 38997,
    "predict_samples_per_second": 1.655,
    "predict_steps_per_second": 0.414,
    "train_loss": 0.20387647356305805,
    "train_runtime": 8864.5428,
    "train_samples": 27297,
    "train_samples_per_second": 3.079,
    "train_steps_per_second": 0.77
}