{
    "epoch": 1.0,
    "eval_gen_len": 23.326214206612878,
    "eval_loss": 0.16392453014850616,
    "eval_rouge1": 79.1178,
    "eval_rouge2": 71.9879,
    "eval_rougeL": 77.8724,
    "eval_rougeLsum": 77.8783,
    "eval_runtime": 1013.5152,
    "eval_samples": 6321,
    "eval_samples_per_second": 6.237,
    "eval_steps_per_second": 1.56,
    "predict_gen_len": 23.090507831039393,
    "predict_loss": 0.11577145755290985,
    "predict_rouge1": 85.9606,
    "predict_rouge2": 81.0969,
    "predict_rougeL": 85.1535,
    "predict_rougeLsum": 85.1607,
    "predict_runtime": 3419.8943,
    "predict_samples": 21070,
    "predict_samples_per_second": 6.161,
    "predict_steps_per_second": 1.54,
    "train_loss": 0.3645446936634254,
    "train_runtime": 1597.6642,
    "train_samples": 14749,
    "train_samples_per_second": 9.232,
    "train_steps_per_second": 2.308
}