{
    "epoch": 3.0,
    "eval_gen_len": 26.877825290164935,
    "eval_loss": 0.07232506573200226,
    "eval_rouge1": 91.7353,
    "eval_rouge2": 87.3153,
    "eval_rougeL": 90.4619,
    "eval_rougeLsum": 91.2474,
    "eval_runtime": 1049.8134,
    "eval_samples": 4911,
    "eval_samples_per_second": 4.678,
    "eval_steps_per_second": 1.17,
    "predict_gen_len": 26.463954056695993,
    "predict_loss": 0.0382777601480484,
    "predict_rouge1": 96.3704,
    "predict_rouge2": 94.429,
    "predict_rougeL": 95.8203,
    "predict_rougeLsum": 96.1682,
    "predict_runtime": 3461.5633,
    "predict_samples": 16368,
    "predict_samples_per_second": 4.728,
    "predict_steps_per_second": 1.182,
    "train_loss": 0.16192021550239,
    "train_runtime": 3249.4155,
    "train_samples": 11457,
    "train_samples_per_second": 10.578,
    "train_steps_per_second": 2.645
}