{
    "epoch": 3.0,
    "eval_gen_len": 26.30971288943189,
    "eval_loss": 0.22087925672531128,
    "eval_rouge1": 78.7633,
    "eval_rouge2": 67.3756,
    "eval_rougeL": 75.5034,
    "eval_rougeLsum": 77.4876,
    "eval_runtime": 938.0514,
    "eval_samples": 4911,
    "eval_samples_per_second": 5.235,
    "eval_steps_per_second": 1.309,
    "predict_gen_len": 25.733993157380255,
    "predict_loss": 0.13244757056236267,
    "predict_rouge1": 87.3199,
    "predict_rouge2": 80.375,
    "predict_rougeL": 85.396,
    "predict_rougeLsum": 86.5318,
    "predict_runtime": 3271.1319,
    "predict_samples": 16368,
    "predict_samples_per_second": 5.004,
    "predict_steps_per_second": 1.251,
    "train_loss": 0.3313033454011803,
    "train_runtime": 3352.0153,
    "train_samples": 11457,
    "train_samples_per_second": 10.254,
    "train_steps_per_second": 2.564
}