{
    "predict_gen_len": 25.733993157380255,
    "predict_loss": 0.13244757056236267,
    "predict_rouge1": 87.3199,
    "predict_rouge2": 80.375,
    "predict_rougeL": 85.396,
    "predict_rougeLsum": 86.5318,
    "predict_runtime": 3271.1319,
    "predict_samples": 16368,
    "predict_samples_per_second": 5.004,
    "predict_steps_per_second": 1.251
}