{
    "epoch": 3.0,
    "eval_gen_len": 26.380981470169008,
    "eval_loss": 0.11928685754537582,
    "eval_rouge1": 86.5247,
    "eval_rouge2": 79.2827,
    "eval_rougeL": 84.596,
    "eval_rougeLsum": 85.7498,
    "eval_runtime": 1007.2079,
    "eval_samples": 4911,
    "eval_samples_per_second": 4.876,
    "eval_steps_per_second": 1.219,
    "predict_gen_len": 26.128054740957968,
    "predict_loss": 0.0643053725361824,
    "predict_rouge1": 93.7115,
    "predict_rouge2": 90.2766,
    "predict_rougeL": 92.7812,
    "predict_rougeLsum": 93.3336,
    "predict_runtime": 3326.9457,
    "predict_samples": 16368,
    "predict_samples_per_second": 4.92,
    "predict_steps_per_second": 1.23,
    "train_loss": 0.21367175039543254,
    "train_runtime": 3288.0204,
    "train_samples": 11457,
    "train_samples_per_second": 10.453,
    "train_steps_per_second": 2.614
}