{
    "epoch": 1.0,
    "eval_gen_len": 69.25538461538461,
    "eval_loss": 0.15781138837337494,
    "eval_rouge1": 69.8689,
    "eval_rouge2": 61.2171,
    "eval_rougeL": 65.1778,
    "eval_rougeLsum": 68.8492,
    "eval_runtime": 4272.9693,
    "eval_samples": 11700,
    "eval_samples_per_second": 2.738,
    "eval_steps_per_second": 0.685,
    "predict_gen_len": 68.99033258968639,
    "predict_loss": 0.1258210688829422,
    "predict_rouge1": 73.8919,
    "predict_rouge2": 66.6744,
    "predict_rougeL": 70.0342,
    "predict_rougeLsum": 73.0532,
    "predict_runtime": 13968.478,
    "predict_samples": 38997,
    "predict_samples_per_second": 2.792,
    "predict_steps_per_second": 0.698,
    "train_loss": 0.25518055004077955,
    "train_runtime": 4147.1986,
    "train_samples": 27297,
    "train_samples_per_second": 6.582,
    "train_steps_per_second": 1.646
}